<?xml version="1.0" encoding="UTF-8"?><?xml-stylesheet type='text/xsl' href='_UpgradeReport_Files/UpgradeReport.xslt'?><UpgradeLog>
<Properties><Property Name="Solution" Value="melsecPlcTest">
</Property><Property Name="Solution File" Value="C:\Shanu\Projects\2007 - 2009 telstar\MelsecPlcSource\melsecPlcTest\melsecPlcTest.sln">
</Property><Property Name="User Options File" Value="C:\Shanu\Projects\2007 - 2009 telstar\MelsecPlcSource\melsecPlcTest\melsecPlcTest.suo">
</Property><Property Name="Date" Value="2012년 7월 3일 화요일">
</Property><Property Name="Time" Value="오후 13:58">
</Property><Property Name="Log Number" Value="2">
</Property></Properties><Event ErrorLevel="0" Project="" Source="melsecPlcTest.sln" Description="File successfully backed up as C:\Shanu\Projects\2007 - 2009 telstar\MelsecPlcSource\melsecPlcTest\Backup1\melsecPlcTest.sln">
</Event><Event ErrorLevel="0" Project="" Source="melsecPlcTest.suo" Description="File successfully backed up as C:\Shanu\Projects\2007 - 2009 telstar\MelsecPlcSource\melsecPlcTest\Backup1\melsecPlcTest.suo">
</Event><Event ErrorLevel="0" Project="melsecPlcTest" Source="melsecPlcTest.vbproj" Description="Project file successfully backed up as C:\Shanu\Projects\2007 - 2009 telstar\MelsecPlcSource\melsecPlcTest\Backup1\melsecPlcTest.vbproj">
</Event><Event ErrorLevel="0" Project="melsecPlcTest" Source="melsecPlcTest.vbproj.user" Description="Project user file successfully backed up as C:\Shanu\Projects\2007 - 2009 telstar\MelsecPlcSource\melsecPlcTest\Backup1\melsecPlcTest.vbproj.user">
</Event><Event ErrorLevel="0" Project="melsecPlcTest" Source="AssemblyInfo.vb" Description="File successfully backed up as C:\Shanu\Projects\2007 - 2009 telstar\MelsecPlcSource\melsecPlcTest\Backup1\AssemblyInfo.vb">
</Event><Event ErrorLevel="0" Project="melsecPlcTest" Source="Form1.vb" Description="File successfully backed up as C:\Shanu\Projects\2007 - 2009 telstar\MelsecPlcSource\melsecPlcTest\Backup1\Form1.vb">
</Event><Event ErrorLevel="0" Project="melsecPlcTest" Source="Form1.resx" Description="File successfully backed up as C:\Shanu\Projects\2007 - 2009 telstar\MelsecPlcSource\melsecPlcTest\Backup1\Form1.resx">
</Event><Event ErrorLevel="1" Project="melsecPlcTest" Source="melsecPlcTest.vbproj" Description="Your project is targeting .NET Framework 2.0 or 3.0. If your project uses assemblies requiring a newer .NET Framework, your project will fail to build. You can change the .NET Framework version by clicking Properties on the project menu and then selecting a new version in the '.NET Framework' dropdown box. (In Visual Basic, this is located on the Compile tab by clicking the 'Advanced Compiler Options...' button.)">
</Event><Event ErrorLevel="0" Project="melsecPlcTest" Source="melsecPlcTest.vbproj" Description="Project converted successfully">
</Event><Event ErrorLevel="3" Project="melsecPlcTest" Source="melsecPlcTest.vbproj" Description="Converted">
</Event><Event ErrorLevel="0" Project="" Source="melsecPlcTest.sln" Description="Solution converted successfully">
</Event><Event ErrorLevel="3" Project="" Source="melsecPlcTest.sln" Description="Converted">
</Event><Event ErrorLevel="0" Project="melsecPlcTest" Source="melsecPlcTest.vbproj" Description="Scan complete: Upgrade not required for project files.">
</Event></UpgradeLog>