<?xml version="1.0" encoding="UTF-8"?><?xml-stylesheet type='text/xsl' href='_UpgradeReport_Files/UpgradeReport.xslt'?><UpgradeLog>
<Properties><Property Name="Solution" Value="melsecPlcTest">
</Property><Property Name="Solution File" Value="D:\Project Source\melsecPlcTest\melsecPlcTest.sln">
</Property><Property Name="User Options File" Value="D:\Project Source\melsecPlcTest\melsecPlcTest.suo">
</Property><Property Name="Date" Value="2008년 2월 14일 목요일">
</Property><Property Name="Time" Value="오후 16:11">
</Property></Properties><Event ErrorLevel="0" Project="" Source="melsecPlcTest.sln" Description="File successfully backed up as D:\Project Source\melsecPlcTest\Backup\melsecPlcTest.sln">
</Event><Event ErrorLevel="0" Project="" Source="melsecPlcTest.suo" Description="File successfully backed up as D:\Project Source\melsecPlcTest\Backup\melsecPlcTest.suo">
</Event><Event ErrorLevel="0" Project="melsecPlcTest" Source="melsecPlcTest.vbproj" Description="Project file successfully backed up as D:\Project Source\melsecPlcTest\Backup\melsecPlcTest.vbproj">
</Event><Event ErrorLevel="0" Project="melsecPlcTest" Source="melsecPlcTest.vbproj.user" Description="Project user file successfully backed up as D:\Project Source\melsecPlcTest\Backup\melsecPlcTest.vbproj.user">
</Event><Event ErrorLevel="0" Project="melsecPlcTest" Source="AssemblyInfo.vb" Description="File successfully backed up as D:\Project Source\melsecPlcTest\Backup\AssemblyInfo.vb">
</Event><Event ErrorLevel="0" Project="melsecPlcTest" Source="Form1.vb" Description="File successfully backed up as D:\Project Source\melsecPlcTest\Backup\Form1.vb">
</Event><Event ErrorLevel="0" Project="melsecPlcTest" Source="Form1.resx" Description="File successfully backed up as D:\Project Source\melsecPlcTest\Backup\Form1.resx">
</Event><Event ErrorLevel="0" Project="melsecPlcTest" Source="melsecPlcTest.vbproj" Description="Project converted successfully">
</Event><Event ErrorLevel="3" Project="melsecPlcTest" Source="melsecPlcTest.vbproj" Description="Converted">
</Event><Event ErrorLevel="0" Project="" Source="melsecPlcTest.sln" Description="Solution converted successfully">
</Event><Event ErrorLevel="3" Project="" Source="melsecPlcTest.sln" Description="Converted">
</Event><Event ErrorLevel="0" Project="melsecPlcTest" Source="melsecPlcTest.vbproj" Description="Scan complete: Upgrade not required for project files.">
</Event></UpgradeLog>